sample_id,latitude,longitude,pH,nitrogen,phosphorus,salinity,sample_date,collector
S001,-1.949671,30.450348,6.6,25.9,11.9,0.73,2026-03-02,Grace Ingabire
S002,-1.949747,30.450647,6.44,23.9,11.8,0.63,2026-03-02,Grace Ingabire
S003,-1.949904,30.451285,6.5,19.7,13.7,0.28,2026-03-03,Eric Mugisha
S004,-1.949649,30.451662,6.48,26.0,12.6,0.56,2026-03-03,Eric Mugisha
S005,-1.949718,30.45184,6.55,30.2,13.8,0.66,2026-03-04,Alice Uwase
S006,-1.949741,30.452686,6.71,20.4,16.3,0.54,2026-03-04,Alice Uwase
S007,-1.949837,30.453039,6.51,27.6,18.0,0.36,2026-03-05,Grace Ingabire
S008,-1.949902,30.453499,6.6,24.0,17.2,0.29,2026-03-05,Grace Ingabire
S009,-1.949965,30.453653,6.19,24.8,18.9,0.17,2026-03-06,Grace Ingabire
S010,-1.949673,30.454247,6.49,21.9,19.1,0.4,2026-03-06,Grace Ingabire
S011,-1.949473,30.450167,6.37,24.0,10.2,1.78,2026-03-02,Grace Ingabire
S012,-1.949565,30.450866,6.32,28.9,13.2,1.11,2026-03-02,Grace Ingabire
S013,-1.949528,30.451188,6.37,26.7,9.7,1.07,2026-03-03,Eric Mugisha
S014,-1.949429,30.451718,6.45,30.2,11.9,1.34,2026-03-03,Eric Mugisha
S015,-1.949574,30.451997,6.64,28.5,12.2,0.66,2026-03-04,Alice Uwase
S016,-1.949328,30.452349,6.3,26.4,11.7,1.46,2026-03-04,Alice Uwase
S017,-1.949364,30.452946,6.5,30.4,15.5,1.19,2026-03-05,Grace Ingabire
S018,-1.949378,30.453175,6.43,26.5,18.2,1.07,2026-03-05,Grace Ingabire
S019,-1.949482,30.453967,6.45,27.6,18.4,0.71,2026-03-06,Grace Ingabire
S020,-1.949411,30.454329,6.65,24.2,19.9,0.76,2026-03-06,Grace Ingabire
S021,-1.949065,30.450341,6.58,25.2,12.4,1.73,2026-03-02,Grace Ingabire
S022,-1.949041,30.450609,6.7,22.9,13.3,1.61,2026-03-02,Grace Ingabire
S023,-1.949246,30.451335,6.48,28.0,12.9,2.01,2026-03-03,Eric Mugisha
S024,-1.949126,30.45175,6.39,21.5,15.9,2.13,2026-03-03,Eric Mugisha
S025,-1.949261,30.452147,6.47,27.4,14.9,1.67,2026-03-04,Alice Uwase
S026,-1.949098,30.452335,6.54,24.6,13.9,1.93,2026-03-04,Alice Uwase
S027,-1.949157,30.452906,6.53,28.9,15.6,1.97,2026-03-05,Grace Ingabire
S028,-1.949224,30.453166,6.34,27.6,14.8,1.6,2026-03-05,Grace Ingabire
S029,-1.949239,30.453665,6.51,30.8,16.8,1.53,2026-03-06,Grace Ingabire
S030,-1.949064,30.454352,6.53,27.5,19.1,1.77,2026-03-06,Grace Ingabire
S031,-1.948853,30.450335,6.87,20.3,12.0,1.07,2026-03-02,Grace Ingabire
S032,-1.94858,30.450884,6.71,24.8,14.5,0.52,2026-03-02,Eric Mugisha
S033,-1.948705,30.451045,6.33,21.5,10.3,0.74,2026-03-03,Alice Uwase
S034,-1.948789,30.451515,6.44,23.5,14.0,1.18,2026-03-03,Alice Uwase
S035,-1.948701,30.452009,6.28,29.8,12.9,0.87,2026-03-04,Grace Ingabire
S036,-1.948907,30.452332,6.41,27.3,15.9,1.6,2026-03-04,Alice Uwase
S037,-1.948568,30.452755,6.55,25.4,15.9,0.69,2026-03-05,Eric Mugisha
S038,-1.94874,30.45336,6.68,24.6,14.7,1.43,2026-03-05,Eric Mugisha
S039,-1.948632,30.453697,6.39,28.4,19.6,0.98,2026-03-06,Alice Uwase
S040,-1.948885,30.454346,6.4,21.9,18.8,2.03,2026-03-06,Grace Ingabire
S041,-1.948377,30.450196,6.11,23.0,9.6,0.37,2026-03-02,Eric Mugisha
S042,-1.948375,30.450824,6.32,25.9,10.2,0.51,2026-03-02,Eric Mugisha
S043,-1.948214,30.451214,6.11,28.5,11.7,0.21,2026-03-03,Alice Uwase
S044,-1.948346,30.451489,6.32,26.9,14.0,0.36,2026-03-03,Alice Uwase
S045,-1.948382,30.452172,6.36,19.1,14.5,0.31,2026-03-04,Grace Ingabire
S046,-1.948456,30.452609,6.49,28.5,16.3,0.46,2026-03-04,Grace Ingabire
S047,-1.948433,30.452871,6.24,29.5,16.9,0.55,2026-03-05,Eric Mugisha
S048,-1.948365,30.453275,6.28,33.4,19.3,0.48,2026-03-05,Eric Mugisha
S049,-1.948394,30.453902,6.82,34.9,18.2,0.56,2026-03-06,Alice Uwase
S050,-1.948545,30.454108,6.31,21.4,16.9,0.93,2026-03-06,Alice Uwase
S051,-1.947892,30.45009,6.13,23.2,11.8,0.42,2026-03-02,Eric Mugisha
S052,-1.947867,30.450453,6.29,26.8,10.5,0.32,2026-03-02,Eric Mugisha
S053,-1.948141,30.451252,6.65,20.3,14.5,0.46,2026-03-03,Alice Uwase
S054,-1.947991,30.451647,6.13,29.7,14.2,0.45,2026-03-03,Alice Uwase
S055,-1.948152,30.452115,6.42,27.4,14.5,0.43,2026-03-04,Grace Ingabire
S056,-1.947948,30.452598,6.55,34.0,16.3,0.44,2026-03-04,Grace Ingabire
S057,-1.94809,30.452903,6.76,32.1,19.4,0.43,2026-03-05,Eric Mugisha
S058,-1.947953,30.453402,6.35,42.4,20.7,0.56,2026-03-05,Eric Mugisha
S059,-1.947928,30.453658,6.46,42.5,18.2,0.39,2026-03-06,Alice Uwase
S060,-1.947913,30.454096,6.62,34.4,19.4,0.38,2026-03-06,Alice Uwase
S061,-1.947791,30.4503,6.14,25.7,12.3,0.34,2026-03-02,Eric Mugisha
S062,-1.947498,30.450661,5.43,25.8,10.2,0.32,2026-03-02,Alice Uwase
S063,-1.947746,30.451153,5.73,22.4,13.1,0.3,2026-03-03,Alice Uwase
S064,-1.947816,30.451692,6.04,25.0,13.7,0.33,2026-03-03,Alice Uwase
S065,-1.947629,30.452083,6.38,26.6,15.1,0.39,2026-03-04,Grace Ingabire
S066,-1.947695,30.452496,6.45,32.6,14.3,0.43,2026-03-04,Grace Ingabire
S067,-1.947529,30.452948,6.53,43.1,14.2,0.4,2026-03-05,Alice Uwase
S068,-1.947537,30.453283,6.42,41.3,14.2,0.34,2026-03-05,Alice Uwase
S069,-1.947715,30.453609,6.57,42.3,16.4,0.47,2026-03-06,Alice Uwase
S070,-1.947485,30.454241,6.65,37.9,18.7,0.46,2026-03-06,Eric Mugisha
S071,-1.947363,30.450096,6.13,22.8,9.8,0.39,2026-03-02,Alice Uwase
S072,-1.947281,30.450633,5.49,22.5,14.3,0.35,2026-03-02,Alice Uwase
S073,-1.947375,30.451282,5.59,25.7,14.5,0.44,2026-03-03,Grace Ingabire
S074,-1.947129,30.451453,5.82,27.7,11.8,0.42,2026-03-03,Grace Ingabire
S075,-1.947408,30.451824,6.12,25.8,14.6,0.28,2026-03-04,Eric Mugisha
S076,-1.947452,30.452374,6.52,34.1,14.7,0.39,2026-03-04,Eric Mugisha
S077,-1.94731,30.452828,6.48,40.1,15.9,0.42,2026-03-05,Alice Uwase
S078,-1.947109,30.453443,6.81,44.5,17.9,0.33,2026-03-05,Alice Uwase
S079,-1.947145,30.453846,6.74,40.6,19.5,0.42,2026-03-06,Eric Mugisha
S080,-1.947197,30.454397,6.56,37.4,19.3,0.28,2026-03-06,Eric Mugisha
S081,-1.946784,30.450299,5.97,24.4,12.3,0.51,2026-03-02,Alice Uwase
S082,-1.946783,30.450632,5.64,19.0,9.7,0.5,2026-03-02,Alice Uwase
S083,-1.946918,30.451265,5.92,29.9,12.8,0.38,2026-03-03,Grace Ingabire
S084,-1.946992,30.451423,5.89,23.7,17.1,0.43,2026-03-03,Grace Ingabire
S085,-1.946827,30.451808,6.37,25.8,14.4,0.21,2026-03-04,Eric Mugisha
S086,-1.946867,30.452288,6.21,31.5,17.2,0.31,2026-03-04,Eric Mugisha
S087,-1.946971,30.453021,6.64,32.3,16.9,0.38,2026-03-05,Alice Uwase
S088,-1.947072,30.453353,6.57,37.6,18.3,0.31,2026-03-05,Alice Uwase
S089,-1.946836,30.453668,6.33,31.4,18.1,0.46,2026-03-06,Eric Mugisha
S090,-1.947011,30.45427,6.43,28.7,19.2,0.56,2026-03-06,Eric Mugisha
S091,-1.946405,30.450068,6.44,26.3,9.0,0.31,2026-03-02,Alice Uwase
S092,-1.946657,30.450762,5.92,26.6,12.3,0.33,2026-03-02,Alice Uwase
S093,-1.9467,30.451099,5.83,25.8,11.2,0.42,2026-03-03,Grace Ingabire
S094,-1.946444,30.451519,6.3,20.8,14.4,0.53,2026-03-03,Grace Ingabire
S095,-1.946689,30.451933,6.36,18.7,15.9,0.3,2026-03-04,Eric Mugisha
S096,-1.946679,30.45253,6.52,28.6,16.2,0.42,2026-03-04,Eric Mugisha
S097,-1.946527,30.452859,6.72,28.1,15.9,0.55,2026-03-05,Alice Uwase
S098,-1.946428,30.453185,6.11,31.2,17.8,0.27,2026-03-05,Alice Uwase
S099,-1.946673,30.453648,6.46,35.6,17.7,0.3,2026-03-06,Eric Mugisha
S100,-1.946632,30.454477,6.53,27.4,21.4,0.37,2026-03-06,Eric Mugisha
